{"stats":{"minecraft:picked_up":{"minecraft:wooden_axe":1,"ecologics:walnut":5,"quark:violet_corundum":1,"ecologics:walnut_log":3,"minecraft:oak_log":6,"minecraft:dirt":2,"minecraft:wooden_sword":1,"minecraft:bone":2,"ecologics:walnut_sapling":3,"minecraft:wheat_seeds":1,"minecraft:stone_axe":1,"quark:violet_corundum_cluster":2,"minecraft:iron_pickaxe":1,"minecraft:cobblestone":6},"minecraft:dropped":{"minecraft:stone_axe":1,"minecraft:wheat_seeds":1,"minecraft:wooden_axe":2,"minecraft:wooden_sword":1,"ecologics:walnut_sapling":2,"quark:violet_corundum":1,"minecraft:wooden_pickaxe":1},"minecraft:mined":{"autumnity:maple_leaves":3,"minecraft:grass":4,"minecraft:grass_block":4,"minecraft:oak_log":6,"ecologics:walnut_leaves":2,"minecraft:dirt":1,"minecraft:tall_grass":3,"ecologics:walnut_log":3,"minecraft:stone":13,"minecraft:oak_leaves":1,"quark:violet_corundum":1},"minecraft:crafted":{"minecraft:wooden_sword":1,"minecraft:oak_planks":24,"minecraft:crafting_table":2,"minecraft:stick":12,"minecraft:stone_pickaxe":1,"minecraft:wooden_pickaxe":1,"ecologics:walnut_planks":12,"minecraft:wooden_axe":1,"minecraft:stone_axe":1},"minecraft:killed_by":{"minecraft:zombie":1},"minecraft:custom":{"minecraft:time_since_rest":1247,"minecraft:sprint_one_cm":28718,"minecraft:damage_taken":275,"minecraft:walk_one_cm":32095,"minecraft:mob_kills":1,"minecraft:drop":9,"minecraft:damage_dealt":110,"minecraft:swim_one_cm":5509,"minecraft:interact_with_crafting_table":5,"minecraft:fly_one_cm":42451,"minecraft:play_time":36490,"minecraft:crouch_one_cm":800,"minecraft:deaths":1,"minecraft:sneak_time":257,"minecraft:walk_under_water_one_cm":3099,"minecraft:jump":259,"minecraft:leave_game":2,"minecraft:time_since_death":0,"minecraft:walk_on_water_one_cm":2052,"minecraft:total_world_time":36490,"minecraft:fall_one_cm":10513},"minecraft:killed":{"minecraft:skeleton":1},"minecraft:used":{"minecraft:wooden_axe":5,"minecraft:stone_pickaxe":8,"minecraft:wooden_pickaxe":6,"quark:violet_corundum_cluster":2,"ecologics:walnut_sapling":1,"ecologics:walnut_planks":1,"minecraft:wooden_sword":6,"minecraft:dirt":2,"minecraft:crafting_table":2,"ecologics:walnut":5,"atmospheric:golden_dragon_fruit":1}},"DataVersion":3465}